step,event_type,deposited_species,intended_species,impurity_kind,is_vacancy,species_flux,anchor_mode,growth_axis,surface_axes,n_atoms,n_initial,n_added,n_vacancies,n_growth_events,kmc_time,dt,temperature_K,flux_ML_s,n_sites,deposition_total_rate_s_inv,e_total_eV,e_before_eV,e_after_eV,delta_e_relaxed_eV,e_ads_unrelaxed_eV,chosen_boltzmann_probability,rate_s_inv,total_rate_s_inv,mobile_count,added_index,anchor_index,n_surface_anchors,n_tested_candidates,min_distance_A,x_event_A,y_event_A,z_event_A,surface_area_A2,gamma_initial_eV_A2,gamma_effective_eV_A2,gamma_effective_J_m2,top_coord_A,bottom_coord_A,slab_thickness_A,growth_height_A,roughness_A,coverage_estimate_ML,front_mean_A,front_median_A,front_p90_A,front_grid_rms_A,front_grid_occupied_fraction,growth_front_mean_A,growth_front_median_A,growth_front_p90_A,first_template_layer_occupancy,highest_90pct_complete_layer,n_template_layers,contiguous_90pct_complete_layers,contiguous_complete_layer_fraction,mean_template_layer_occupancy,n_template_growth_sites,n_occupied_template_growth_sites,template_growth_occupancy_fraction,frozen_vacancy_fraction_of_template,incorporation_efficiency_per_event,added_areal_density_atoms_A2,growth_front_mean_per_event_A,growth_front_mean_per_added_atom_A,growth_front_mean_per_template_site_A,template_growth_extent_A,growth_front_mean_fraction_of_template,coordination_mean,coordination_surface_mean,coordination_added_mean,fraction_added_CN4
1,template_deposition,Si,Si,none,0,1.0,template_site:index=59:site=Si:neigh=3:ahead0=0.786:mode=shell,z,xy,55,54,1,0,1,131.0263532248944,131.0263532248944,500.0,0.001,14.435834799462505,0.014435834799462505,-250.44549409871814,-243.38322582059698,-250.44549409871814,-7.0622682781211665,-7.0622682781211665,0.11111111111404283,0.014435834799462505,0.014435834799462505,0,54,59,9,9,2.3571922715307765,7.698557721176559,6.66714655903974,9.428769086123108,115.48667839570004,0.0,-0.06115223310798866,-0.9797667819533115,9.428769086123108,0.0,9.428769086123108,0.7857307571769248,0.23571922715307744,0.06927205900397485,7.195639565725532,8.643038328946183,8.643038328946183,1.6175803711672134,0.5277777777777778,0.37218825339959594,3.142923028707701,0.0,0.1111111111111111,-1,4,0,0.0,0.027777777777777776,36,1,0.027777777777777776,0.0,1.0,0.008659007375496856,0.37218825339959594,0.37218825339959594,0.01033856259443322,6.285846057415405,0.05921052631578941,3.0545454545454547,1.5,3.0,0.0
2,template_deposition,Si,Si,none,0,1.0,template_site:index=61:site=Si:neigh=3:ahead0=0.786:mode=shell,z,xy,56,54,2,0,2,312.8688268018292,181.84247357693482,500.0,0.001,14.435834799462505,0.014435834799462505,-258.1146766952822,-250.44549409871814,-258.1146766952822,-7.669182596564042,-6.784243091505061,0.329517925844439,0.014435834799462505,0.014435834799462505,21,55,61,8,8,2.357192271530778,7.69855772117656,0.0,9.428769086123108,115.48667839570004,0.0,-0.1275597417756688,-2.0437323602826165,9.428769086123108,0.0,9.428769086123108,0.7857307571769248,0.24915611264450682,0.1385441180079497,7.245915847067703,8.643038328946183,8.794175566165674,1.6447676794277883,0.5277777777777778,0.42246453474176704,3.142923028707701,0.15113723721949057,0.2222222222222222,-1,4,0,0.0,0.05555555555555555,36,2,0.05555555555555555,0.0,1.0,0.01731801475099371,0.21123226737088352,0.21123226737088352,0.011735125965049085,6.285846057415405,0.0672088579457631,3.107142857142857,1.9090909090909092,3.0,0.0
3,template_deposition,Si,Si,none,0,1.0,template_site:index=55:site=Si:neigh=3:ahead0=0.786:mode=shell,z,xy,57,54,3,0,3,382.5545966074317,69.68576980560246,500.0,0.001,14.435834799462505,0.014435834799462505,-265.1528207125912,-258.1146766952822,-265.1528207125912,-7.038144017309037,-6.534234752506336,0.9999988319905213,0.014435834799462505,0.014435834799462505,21,56,55,7,7,2.3571922715307783,1.9246394302941399,3.33357327951987,9.428769086123108,115.48667839570004,0.0,-0.18850308273135685,-3.0201523210090815,9.428769086123108,0.0,9.428769086123108,0.7857307571769248,0.25730770897420024,0.20781617701192454,7.4614151795102615,8.703813622874796,9.194428075231379,1.6624199556920007,0.5277777777777778,0.6379638671843253,3.2036983226363134,0.5513897462851958,0.3333333333333333,-1,4,0,0.0,0.08333333333333333,36,3,0.08333333333333333,0.0,1.0,0.025977022126490567,0.2126546223947751,0.2126546223947751,0.017721218532897924,6.285846057415405,0.10149212394912537,3.1578947368421053,2.25,3.0,0.0
4,template_deposition,Si,Si,none,0,1.0,template_site:index=56:site=Si:neigh=3:ahead0=0.786:mode=shell,z,xy,58,54,4,0,4,429.54773691544807,46.99314030801639,500.0,0.001,14.435834799462505,0.014435834799462505,-270.89659497495563,-265.1528207125912,-270.89659497495563,-5.743774262364411,-4.977843145841007,0.16781026181321543,0.014435834799462505,0.014435834799462505,23,57,56,6,6,2.23724321389419,3.8492788605882797,6.66714655903974,9.428769086123108,115.48667839570004,0.0,-0.2382384664323593,-3.8170010109317163,9.47896575484945,0.0,9.47896575484945,0.8359274259032663,0.23880091558606892,0.2770882360158994,7.356704772715902,8.71278057109625,9.065019516092953,1.9288593507995175,0.6111111111111112,0.5332534603899655,3.2126652708577677,0.4219811871467698,0.4444444444444444,-1,4,0,0.0,0.1111111111111111,36,4,0.1111111111111111,0.0,1.0,0.03463602950198742,0.13331336509749137,0.13331336509749137,0.014812596121943486,6.285846057415405,0.08483399935652051,3.206896551724138,2.5384615384615383,3.0,0.0
5,template_deposition,Si,Si,none,0,1.0,template_site:index=57:site=Si:neigh=3:ahead0=0.786:mode=shell,z,xy,59,54,5,0,5,487.4264454912564,57.878708575808325,500.0,0.001,14.435834799462505,0.014435834799462505,-276.5366083888091,-270.89659497495563,-276.5366083888091,-5.640013413853467,-5.25936056462217,0.31481455956019755,0.014435834799462505,0.014435834799462505,23,58,57,5,5,2.2215942906889237,3.84927886058828,0.0,9.428769086123108,115.48667839570004,0.0,-0.2870753841808177,-4.599454689416842,9.596387246247797,0.0,9.596387246247797,0.9533489173016143,0.29807842782968424,0.3463602950198742,7.298275551676567,8.645302465438775,9.09007396518174,1.9457490260840589,0.6388888888888888,0.4748242393506308,3.1451871652002925,0.4470356362355563,0.5555555555555556,-1,4,0,0.0,0.1388888888888889,36,5,0.1388888888888889,0.0,1.0,0.043295036877484275,0.09496484787012616,0.09496484787012616,0.013189562204184189,6.285846057415405,0.07553863632891251,3.2542372881355934,2.7857142857142856,3.0,0.0
6,template_deposition,Si,Si,none,0,1.0,template_site:index=62:site=Si:neigh=3:ahead0=0.786:mode=shell,z,xy,60,54,6,0,6,653.6831593366593,166.2567138454029,500.0,0.001,14.435834799462505,0.014435834799462505,-282.2365092843505,-276.5366083888091,-282.2365092843505,-5.699900895541418,-5.421755167895526,0.42496579176989463,0.014435834799462505,0.014435834799462505,25,59,62,4,4,2.2445658194403735,11.547836581764841,6.66714655903974,9.428769086123108,115.48667839570004,0.0,-0.3364308680749119,-5.390216713450729,9.628834050026159,0.0,9.628834050026159,0.9857957210799757,0.3250982844137877,0.41563235402384907,7.55512701170883,8.695503362722057,9.4448605006761,1.9542162744491718,0.6111111111111112,0.7316756993828939,3.195388062483575,0.801822171729917,0.6666666666666666,-1,4,0,0.0,0.16666666666666666,36,6,0.16666666666666666,0.0,1.0,0.051954044252981134,0.12194594989714898,0.12194594989714898,0.020324324982858164,6.285846057415405,0.11640051199149826,3.3,3.0,3.0,0.0
7,template_deposition,Si,Si,none,0,1.0,template_site:index=54:site=Si:neigh=3:ahead0=0.786:mode=shell,z,xy,61,54,7,0,7,666.8538149954782,13.170655658818898,500.0,0.001,14.435834799462505,0.014435834799462505,-287.67334990158844,-282.2365092843505,-287.67334990158844,-5.43684061723792,-5.121590951402823,0.14417609754178928,0.014435834799462505,0.014435834799462505,26,60,54,3,3,2.267739772358284,0.0,0.0,9.428769086123108,115.48667839570004,0.0,-0.38350851107897593,-6.1444837032855295,9.66641170155186,0.0,9.66641170155186,1.0233733726056773,0.36583374138046354,0.4849044130278239,7.548419264674355,8.679754841789428,9.526733800488266,1.9585395935861025,0.6666666666666666,0.7249679523484192,3.179639541550946,0.883695471542083,0.7777777777777778,-1,4,0,0.0,0.19444444444444445,36,7,0.19444444444444445,0.0,1.0,0.060613051628477986,0.10356685033548844,0.10356685033548844,0.020137998676344977,6.285846057415405,0.11533339278857702,3.3442622950819674,3.1875,3.0,0.0
8,template_deposition,Si,Si,none,0,1.0,template_site:index=58:site=Si:neigh=3:ahead0=0.786:mode=shell,z,xy,62,54,8,0,8,770.7281327560809,103.87431776060266,500.0,0.001,14.435834799462505,0.014435834799462505,-292.97469512517233,-287.67334990158844,-292.97469512517233,-5.301345223583894,-5.024796950094185,0.9969361598795649,0.014435834799462505,0.014435834799462505,25,61,58,2,2,2.331205062265536,5.7739182908824205,3.33357327951987,9.428769086123108,115.48667839570004,0.0,-0.42941289847004394,-6.879953065986684,9.676593509121597,0.0,9.676593509121597,1.033555180175414,0.3829209830095569,0.5541764720317988,7.708123429212365,8.690119743296584,9.526733800488266,1.9475119895307027,0.6666666666666666,0.8846721168864287,3.1900044430581023,0.883695471542083,0.8888888888888888,-1,4,0,0.0,0.2222222222222222,36,8,0.2222222222222222,0.0,1.0,0.06927205900397485,0.11058401461080358,0.11058401461080358,0.024574225469067464,6.285846057415405,0.1407403408874104,3.3870967741935485,3.3529411764705883,3.0,0.0
9,template_deposition,Si,Si,none,0,1.0,template_site:index=60:site=Si:neigh=3:ahead0=0.786:mode=shell,z,xy,63,54,9,0,9,774.448585874242,3.720453118161096,500.0,0.001,14.435834799462505,0.014435834799462505,-298.26933191726766,-292.97469512517233,-298.26933191726766,-5.294636792095332,-5.017374195507102,1.0,0.014435834799462505,0.014435834799462505,27,62,60,1,1,2.2022503946046896,9.6231971514707,3.33357327951987,9.428769086123108,115.48667839570004,0.0,-0.4752591975033744,-7.614491750600762,9.676593509121597,0.0,9.676593509121597,1.033555180175414,0.3828662178697195,0.6234485310357736,7.728172015476525,8.688252044385088,9.510799239035668,1.9233907634280363,0.75,0.9047207031505886,3.1881367441466057,0.8677609100894852,1.0,0,4,1,0.25,0.25,36,9,0.25,0.0,1.0,0.0779310663794717,0.10052452257228763,0.10052452257228763,0.025131130643071906,6.285846057415405,0.14392982183890596,3.4285714285714284,3.5,3.0,0.0
10,template_deposition,Si,Si,none,0,1.0,template_site:index=71:site=Si:neigh=1:ahead0=3.143:mode=shell,z,xy,64,54,10,0,10,838.4992060809079,64.05062020666588,500.0,0.001,14.435834799462505,0.014435834799462505,-302.08740118211335,-298.26933191726766,-302.08740118211335,-3.8180692648456898,-3.7194348774594346,0.23797533213427527,0.014435834799462505,0.014435834799462505,17,63,71,9,9,2.2849828401178924,11.547836581764841,6.66714655903974,11.785961357653886,115.48667839570004,0.0,-0.5083198874278311,-8.144182395245588,11.789715743276671,0.0,11.789715743276671,3.1466774143304885,0.7970162216361667,0.6927205900397484,7.840903219607485,8.68801982489252,9.561530959956391,2.0660813817249384,0.75,1.0174519072815489,3.187904524654037,0.9184926310102082,1.0,0,4,1,0.25,0.2777777777777778,36,10,0.2777777777777778,0.0,1.0,0.08659007375496855,0.10174519072815488,0.10174519072815488,0.028262552980043026,6.285846057415405,0.16186395562157652,3.40625,2.9,2.9,0.1
11,template_deposition,Si,Si,none,0,1.0,template_site:index=66:site=Si:neigh=1:ahead0=3.143:mode=shell,z,xy,65,54,11,0,11,1050.9238084745837,212.4246023936758,500.0,0.001,14.435834799462505,0.014435834799462505,-306.38986085292436,-302.08740118211335,-306.38986085292436,-4.302459670811004,-4.105863207998482,0.9752543495048707,0.014435834799462505,0.014435834799462505,18,64,66,7,7,2.2736524285675226,9.6231971514707,3.33357327951987,11.785961357653886,115.48667839570004,0.0,-0.5455749174501614,-8.741073776335385,11.825654008696775,0.0,11.825654008696775,3.182615679750592,1.0014167862403192,0.7619926490437233,8.018665001481978,8.691062788997765,9.65674904990604,2.1676833597039944,0.7222222222222222,1.1952136891560414,3.1909474887592832,1.0137107209598568,1.0,0,4,1,0.25,0.3055555555555556,36,11,0.3055555555555556,0.0,1.0,0.09524908113046542,0.1086557899232765,0.1086557899232765,0.033200380254334486,6.285846057415405,0.1901436462552323,3.3846153846153846,2.8181818181818183,2.8181818181818183,0.18181818181818182
12,template_deposition,Si,Si,none,0,1.0,template_site:index=65:site=Si:neigh=1:ahead0=3.143:mode=shell,z,xy,66,54,12,0,12,1136.767306279671,85.84349780508734,500.0,0.001,14.435834799462505,0.014435834799462505,-310.68206331222973,-306.38986085292436,-310.68206331222973,-4.292202459305372,-4.097444091441616,0.6180424878271016,0.014435834799462505,0.014435834799462505,18,65,65,5,5,2.3281855911363634,5.7739182908824205,3.33357327951987,11.785961357653886,115.48667839570004,0.0,-0.5827411302024124,-9.336542147888737,11.816766441362239,0.0,11.816766441362239,3.1737281124160557,1.1035559475452545,0.8312647080476981,8.197633829801873,8.693209133377842,11.169522989805293,2.112300578025102,0.6666666666666666,1.374182517475937,3.1930938331393595,2.5264846608591096,1.0,0,4,1,0.25,0.3333333333333333,36,12,0.3333333333333333,0.0,1.0,0.10390808850596227,0.11451520978966141,0.11451520978966141,0.038171736596553804,6.285846057415405,0.21861536297962875,3.3636363636363638,2.75,2.75,0.25
13,template_deposition,Si,Si,none,0,1.0,template_site:index=67:site=Si:neigh=1:ahead0=3.143:mode=shell,z,xy,67,54,13,0,13,1284.9286651704754,148.16135889080437,500.0,0.001,14.435834799462505,0.014435834799462505,-314.8048264420704,-310.68206331222973,-314.8048264420704,-4.122763129840678,-4.007391680447654,0.8897075090993629,0.014435834799462505,0.014435834799462505,18,66,67,4,4,2.2542783247771263,0.0,0.0,11.785961357653886,115.48667839570004,0.0,-0.6184401665511292,-9.908503762118773,11.831696327922566,0.0,11.831696327922566,3.1886579989763835,1.1718125081602797,0.900536767051673,8.235123191059133,8.685712700591278,11.789417346221121,2.3840222136676714,0.7222222222222222,1.4116718787331966,3.185597400352796,3.1463790172749384,1.0,0,4,1,0.25,0.3611111111111111,36,13,0.3611111111111111,0.0,1.0,0.11256709588145912,0.10859014451793819,0.10859014451793819,0.03921310774258879,6.285846057415405,0.2245794545139789,3.343283582089552,2.6923076923076925,2.6923076923076925,0.3076923076923077
14,template_deposition,Si,Si,none,0,1.0,template_site:index=68:site=Si:neigh=1:ahead0=3.143:mode=shell,z,xy,68,54,14,0,14,1299.0037835800545,14.075118409579186,500.0,0.001,14.435834799462505,0.014435834799462505,-319.20307717978574,-314.8048264420704,-319.20307717978574,-4.39825073771533,-3.852356049664195,0.9988873704820053,0.014435834799462505,0.014435834799462505,20,67,68,3,3,2.0568612054170012,3.8492788605882797,6.66714655903974,11.785961357653886,115.48667839570004,0.0,-0.6565246521282908,-10.518684486188004,11.947229503760708,0.0,11.947229503760708,3.304191174814525,1.1400216197243243,0.9698088260556478,8.427517322315296,8.86109278362142,11.808988999141157,2.4563737376891646,0.75,1.60406600998936,3.3609774833829373,3.165950670194974,1.0,0,4,1,0.25,0.3888888888888889,36,14,0.3888888888888889,0.0,1.0,0.12122610325695597,0.11457614357066857,0.11457614357066857,0.044557389166371114,6.285846057415405,0.25518697011312347,3.323529411764706,2.5454545454545454,2.642857142857143,0.35714285714285715
15,template_deposition,Si,Si,none,0,1.0,template_site:index=63:site=Si:neigh=1:ahead0=3.143:mode=shell,z,xy,69,54,15,0,15,1336.5473048859826,37.543521305928046,500.0,0.001,14.435834799462505,0.014435834799462505,-323.63078459957245,-319.20307717978574,-323.63078459957245,-4.427707419786714,-3.6405355413098164,0.694386701321005,0.014435834799462505,0.014435834799462505,20,68,63,3,3,2.009375992013904,3.84927886058828,0.0,11.785961357653886,115.48667839570004,0.0,-0.6948642033327661,-11.132951812105752,11.995305433542464,0.0,11.995305433542464,3.3522671045962813,1.1735368365845051,1.0390808850596227,8.662399183486928,8.90059290713169,11.830866343679238,2.4752807777337895,0.75,1.8389478711609915,3.400477606893208,3.1878280147330553,1.0,0,4,1,0.25,0.41666666666666663,36,15,0.4166666666666667,0.0,1.0,0.12988511063245284,0.1225965247440661,0.1225965247440661,0.05108188531002754,6.285846057415405,0.29255375559055996,3.3043478260869565,2.5,2.6,0.4
16,template_deposition,Si,Si,none,0,1.0,template_site:index=64:site=Si:neigh=1:ahead0=3.143:mode=shell,z,xy,70,54,16,0,16,1404.973782869689,68.42647798370653,500.0,0.001,14.435834799462505,0.014435834799462505,-328.9207487706952,-323.63078459957245,-328.9207487706952,-5.289964171122733,-3.583145402805826,0.999793403025548,0.014435834799462505,0.014435834799462505,23,69,64,2,2,2.869750547770578,7.698557721176559,6.66714655903974,11.785961357653886,115.48667839570004,0.0,-0.7406700421066319,-11.866842251901971,11.932640544392104,0.0,11.932640544392104,3.289602215445921,1.1588751564844808,1.1083529440635975,8.471456103846146,8.67046047412936,11.853278521581625,2.675863504260702,0.6944444444444444,1.6480047915202096,3.170345173890878,3.2102401926354425,1.0,0,4,1,0.25,0.4444444444444444,36,16,0.4444444444444444,0.0,1.0,0.1385441180079497,0.1030002994700131,0.1030002994700131,0.04577791087556138,6.285846057415405,0.2621770842726987,3.2857142857142856,2.5,2.5625,0.4375
17,template_deposition,Si,Si,none,0,1.0,template_site:index=70:site=Si:neigh=1:ahead0=3.143:mode=shell,z,xy,71,54,17,0,17,1596.7171643312686,191.74338146157936,500.0,0.001,14.435834799462505,0.014435834799462505,-334.1784750687074,-328.9207487706952,-334.1784750687074,-5.257726298012244,-2.951000589659941,1.0,0.014435834799462505,0.014435834799462505,23,70,70,1,1,2.885383894881192,7.69855772117656,0.0,11.785961357653886,115.48667839570004,0.0,-0.7861967328994637,-12.596260248008628,11.952008301092304,0.0,11.952008301092304,3.308969972146121,1.1602812071583808,1.1776250030675723,8.454558296560878,8.670680709509362,11.853044981206768,2.748995264268051,0.7222222222222222,1.6311069842349415,3.17056540927088,3.210006652260585,1.0,0,4,1,0.25,0.4444444444444444,36,16,0.4444444444444444,0.0,1.0,0.14720312538344654,0.09594746966087891,0.09594746966087891,0.04530852733985949,6.285846057415405,0.25948885310525965,3.295774647887324,2.625,2.6470588235294117,0.47058823529411764
18,template_deposition,Si,Si,none,0,1.0,template_site:index=76:site=Si:neigh=3:ahead0=3.929:mode=shell,z,xy,72,54,18,0,18,1706.172528391403,109.45536406013426,500.0,0.001,14.435834799462505,0.014435834799462505,-342.5269626256569,-334.1784750687074,-342.5269626256569,-8.348487556949465,-6.845211213844209,0.9810698369144583,0.014435834799462505,0.014435834799462505,19,71,76,8,8,2.2295463584019175,15.39711544235312,8.889528745386318,12.57169211483081,115.48667839570004,0.0,-0.8584863482293329,-13.754467564090046,12.383411460537056,0.0,12.383411460537056,3.7403731315908733,1.1606917264707548,1.2468970620715472,8.780470612918963,8.698737668552674,11.87535106518864,2.6997443543095003,0.7777777777777778,1.9570193005930268,3.198622368314192,3.2323127362424575,1.0,0,4,1,0.25,0.4444444444444444,36,16,0.4444444444444444,0.0,1.0,0.1558621327589434,0.10872329447739038,0.10872329447739038,0.05436164723869519,6.285846057415405,0.311337452861152,3.3333333333333335,2.6666666666666665,2.8333333333333335,0.4444444444444444
19,template_deposition,Si,Si,none,0,1.0,template_site:index=75:site=Si:neigh=3:ahead0=3.929:mode=shell,z,xy,73,54,19,0,19,1765.0250371669777,58.852508775574776,500.0,0.001,14.435834799462505,0.014435834799462505,-349.27422374977795,-342.5269626256569,-349.27422374977795,-6.747261124121053,-5.635921876309567,0.9021135948972037,0.014435834799462505,0.014435834799462505,21,72,75,7,7,2.218496734007114,7.69855772117656,2.2223821863465787,12.57169211483081,115.48667839570004,0.0,-0.9169109320675003,-14.690532587144858,12.54997979468225,0.0,12.54997979468225,3.9069414657360664,0.7164412184372165,1.316169121075522,9.155745497313116,8.872921015957946,11.913758324418055,2.6661889751192973,0.75,2.3322941849871803,3.3728057157194637,3.2707199954718718,1.0,0,4,1,0.25,0.4722222222222222,36,17,0.4722222222222222,0.0,1.0,0.16452114013444025,0.12275232552564107,0.12275232552564107,0.06478594958297723,6.285846057415405,0.3710390238137912,3.4246575342465753,2.727272727272727,3.210526315789474,0.47368421052631576
20,template_deposition,Si,Si,none,0,1.0,template_site:index=79:site=Si:neigh=3:ahead0=3.929:mode=shell,z,xy,74,54,20,0,20,1802.0982961562818,37.07325898930408,500.0,0.001,14.435834799462505,0.014435834799462505,-355.34043912461857,-349.27422374977795,-355.34043912461857,-6.066215374840624,-4.169739402340497,0.9425923256180574,0.014435834799462505,0.014435834799462505,22,73,79,6,6,1.920930227381923,5.77391829088242,5.555955465866448,12.57169211483081,115.48667839570004,0.0,-0.9694383357395977,-15.532114368292444,12.751715018047934,0.0,12.751715018047934,4.108676689101751,0.349427722735617,1.3854411800794968,9.268657595308726,8.871073519559472,12.072502948773405,2.7431367112210436,0.75,2.44520628298279,3.3709582193209897,3.429464619827222,1.0,0,4,1,0.25,0.49999999999999994,36,18,0.5,0.0,1.0,0.1731801475099371,0.12226031414913949,0.12226031414913949,0.06792239674952194,6.285846057415405,0.38900193556254575,3.4594594594594597,2.909090909090909,3.35,0.5
21,template_deposition,Si,Si,none,0,1.0,template_site:index=73:site=Si:neigh=3:ahead0=3.929:mode=shell,z,xy,75,54,21,0,21,1885.5537942243109,83.45549806802921,500.0,0.001,14.435834799462505,0.014435834799462505,-360.3894130167623,-355.34043912461857,-360.3894130167623,-5.048973892143749,-3.931174405585125,0.9999991930335798,0.014435834799462505,0.014435834799462505,23,74,73,4,4,2.1842716813906944,11.547836581764841,8.889528745386318,12.57169211483081,115.48667839570004,0.0,-1.0131574379103614,-16.232571602096087,12.751715018047934,0.0,12.751715018047934,4.108676689101751,0.4116340767287637,1.4547132390834718,9.524019820690913,9.410320518885129,12.418404092162419,2.7088244002487243,0.75,2.7005685083649773,3.910205218646647,3.775365763216236,1.0,0,4,1,0.25,0.5277777777777777,36,19,0.5277777777777778,0.0,1.0,0.18183915488543398,0.12859850039833226,0.12859850039833226,0.07501579189902714,6.285846057415405,0.42962689249748964,3.493333333333333,3.1666666666666665,3.4761904761904763,0.5714285714285714
22,template_deposition,Si,Si,none,0,1.0,template_site:index=74:site=Si:neigh=3:ahead0=3.929:mode=shell,z,xy,76,54,22,0,22,1910.3609844523573,24.807190228046395,500.0,0.001,14.435834799462505,0.014435834799462505,-365.79235902377013,-360.3894130167623,-365.79235902377013,-5.402946007007813,-3.047979591959063,0.9999881571234308,0.014435834799462505,0.014435834799462505,23,75,74,2,2,1.9328255156949614,7.6985577211765595,8.889528745386318,12.57169211483081,115.48667839570004,0.0,-1.0599415872344533,-16.982136304806847,12.81054577011376,0.0,12.81054577011376,4.167507441167578,0.4663817738187168,1.5239852980874466,9.788507742028141,9.48330485382955,12.636916653269497,2.6558069160716418,0.75,2.965056429702205,3.9831895535910675,3.9938783243233136,1.0,0,4,1,0.25,0.5555555555555556,36,20,0.5555555555555556,0.0,1.0,0.19049816226093083,0.13477529225919113,0.13477529225919113,0.08236267860283902,6.285846057415405,0.47170363426325584,3.526315789473684,3.3846153846153846,3.590909090909091,0.5
23,template_deposition,Si,Si,none,0,1.0,template_site:index=78:site=Si:neigh=1:ahead0=3.929:mode=shell,z,xy,77,54,23,0,23,1948.764581576869,38.4035971245116,500.0,0.001,14.435834799462505,0.014435834799462505,-369.2590285962346,-365.79235902377013,-369.2590285962346,-3.4666695724644683,-2.6357468031775397,1.0,0.014435834799462505,0.014435834799462505,22,76,78,1,1,2.8675804775467064,13.47247601205898,5.555955465866448,12.57169211483081,115.48667839570004,0.0,-1.0899595046308337,-17.46307635938271,12.861913182858741,0.0,12.861913182858741,4.218874853912558,0.4818480888381866,1.5932573570914215,10.036375027373323,10.591120246907625,12.637114603478999,2.52988977795793,0.7777777777777778,3.2129237150473866,5.091004946669143,3.9940762745328158,1.0,0,4,1,0.25,0.5833333333333333,36,21,0.5833333333333334,0.0,1.0,0.19915716963642768,0.1396923354368429,0.1396923354368429,0.08924788097353852,6.285846057415405,0.5111362393702125,3.5064935064935066,3.2857142857142856,3.5217391304347827,0.5217391304347826
24,template_deposition,Si,Si,none,0,1.0,template_site:index=69:site=Si:neigh=2:ahead0=3.143:mode=shell,z,xy,78,54,24,0,24,1958.003691681962,9.239110105093108,500.0,0.001,14.435834799462505,0.014435834799462505,-375.62332474651504,-369.2590285962346,-375.62332474651504,-6.364296150280438,-5.11252072391369,1.0,0.014435834799462505,0.014435834799462505,28,77,69,1,1,2.422140179105655,1.9246394302941399,3.33357327951987,11.785961357653886,115.48667839570004,0.0,-1.1450679919359583,-18.34601165906195,12.877736827062792,0.0,12.877736827062792,4.234698498116609,0.48903980053695506,1.6625294160953963,10.236580013042044,11.587925584223498,12.662620956726544,2.3543420161752113,0.8055555555555556,3.4131287007161077,6.087810283985016,4.019582627780361,1.0,0,4,1,0.25,0.6388888888888888,36,23,0.6388888888888888,0.0,1.0,0.20781617701192454,0.14221369586317115,0.14221369586317115,0.09480913057544743,6.285846057415405,0.542986364848952,3.5384615384615383,3.4,3.625,0.625
25,template_deposition,Si,Si,none,0,1.0,template_site:index=77:site=Si:neigh=2:ahead0=3.929:mode=shell,z,xy,79,54,25,0,25,2044.2481613385103,86.24446965654836,500.0,0.001,14.435834799462505,0.014435834799462505,-380.4432704928373,-375.62332474651504,-380.4432704928373,-4.819945746322276,-4.003571029335944,0.9802937936100349,0.014435834799462505,0.014435834799462505,23,78,77,3,3,2.523443067287235,11.547836581764841,2.2223821863465787,12.57169211483081,115.48667839570004,0.0,-1.1868039377028576,-19.01469522460898,12.88772006113422,0.0,12.88772006113422,4.244681732188036,0.4828171951543293,1.731801475099371,10.26825405550264,11.611718782350065,12.70970710124877,2.379668944332442,0.8055555555555556,3.4448027431767034,6.111603482111583,4.066668772302586,1.0,0,4,1,0.25,0.6666666666666666,36,24,0.6666666666666666,0.0,1.0,0.2164751843874214,0.13779210972706812,0.13779210972706812,0.09568896508824176,6.285846057415405,0.5480253114237301,3.518987341772152,3.3125,3.56,0.6
26,template_deposition,Si,Si,none,0,1.0,template_site:index=80:site=Si:neigh=1:ahead0=3.929:mode=shell,z,xy,80,54,26,0,26,2192.248841359516,148.000680021006,500.0,0.001,14.435834799462505,0.014435834799462505,-384.85586322101653,-380.4432704928373,-384.85586322101653,-4.41259272817922,-3.424270443175601,0.9999987280892894,0.014435834799462505,0.014435834799462505,26,79,80,2,2,2.48408635933972,3.8492788605882806,2.2223821863465787,12.57169211483081,115.48667839570004,0.0,-1.2250126106812251,-19.62686565018631,12.90558585928581,0.0,12.90558585928581,4.262547530339628,0.4904585069335225,1.801073534103346,10.597967243467584,11.656810815664999,12.766812743570616,2.2415651792472078,0.8055555555555556,3.7745159311416483,6.156695515426517,4.1237744146244335,1.0,0,4,1,0.25,0.6944444444444444,36,25,0.6944444444444444,0.0,1.0,0.22513419176291824,0.14517368965929417,0.14517368965929417,0.10484766475393467,6.285846057415405,0.6004785826227571,3.525,3.3529411764705883,3.576923076923077,0.6538461538461539
27,template_deposition,Si,Si,none,0,1.0,template_site:index=72:site=Si:neigh=3:ahead0=3.929:mode=shell,z,xy,81,54,27,0,27,2211.5207351032745,19.271893743758707,500.0,0.001,14.435834799462505,0.014435834799462505,-390.56272601360286,-384.85586322101653,-390.56272601360286,-5.706862792586321,-2.781459761060205,1.0,0.014435834799462505,0.014435834799462505,27,80,72,1,1,1.9945503461148046,9.6231971514707,5.555955465866448,12.57169211483081,115.48667839570004,0.0,-1.2744283776931788,-20.418593516240833,13.02554337205236,0.0,13.02554337205236,4.3825050431061765,0.5189158221493849,1.8703455931073207,10.908096690652712,11.671425965964184,12.807093452740633,1.653627509607456,0.8333333333333334,4.084645378326776,6.171310665725702,4.16405512379445,1.0,2,4,1,0.25,0.7222222222222222,36,26,0.7222222222222222,0.0,1.0,0.2337931991384151,0.15128316216025098,0.15128316216025098,0.11346237162018823,6.285846057415405,0.6498163240106914,3.5555555555555554,3.5,3.6666666666666665,0.6296296296296297
28,template_deposition,Si,Si,none,0,1.0,template_site:index=88:site=Si:neigh=1:ahead0=6.286:mode=shell,z,xy,82,54,28,0,28,2261.0826940369393,49.561958933664926,500.0,0.001,14.435834799462505,0.014435834799462505,-395.0473388312907,-390.56272601360286,-395.0473388312907,-4.484612817687832,-3.7764233349726055,0.6257472741807809,0.014435834799462505,0.014435834799462505,16,81,88,9,9,2.3558942741367233,11.547836581764841,2.22238218634658,14.928884386361588,115.48667839570004,0.0,-1.3132606731577854,-21.040755475494738,14.845055879110665,0.0,14.845055879110665,6.2020175501644825,0.7344138046669765,1.9396176521112956,11.008603681746731,11.720931637704528,12.836746005233682,1.8035922752011442,0.8055555555555556,4.185152369420795,6.2208163374660455,4.193707676287499,1.0,2,4,1,0.25,0.75,36,27,0.75,0.0,1.0,0.24245220651391194,0.1494697274793141,0.1494697274793141,0.11625423248391097,6.285846057415405,0.6658057373968895,3.5365853658536586,3.0,3.607142857142857,0.6071428571428571
29,template_deposition,Si,Si,none,0,1.0,template_site:index=83:site=Si:neigh=1:ahead0=6.286:mode=shell,z,xy,83,54,29,0,29,2289.009310316447,27.926616279507893,500.0,0.001,14.435834799462505,0.014435834799462505,-399.35860820697275,-395.0473388312907,-399.35860820697275,-4.311269375682059,-3.9226134635483163,0.9998284324643134,0.014435834799462505,0.014435834799462505,17,82,83,8,8,2.4043930937551865,3.8492788605882797,2.22238218634658,14.928884386361588,115.48667839570004,0.0,-1.3505919864795701,-21.63886904977397,14.93552357200729,0.0,14.93552357200729,6.2924852430611065,0.8943795829378145,2.0088897111152706,11.084020649501849,11.75427120204297,12.838787584770975,1.9158776214613102,0.8055555555555556,4.260569337175912,6.254155901804488,4.195749255824792,1.0,2,4,1,0.25,0.7777777777777778,36,28,0.7777777777777778,0.0,1.0,0.2511112138894088,0.1469161840405487,0.1469161840405487,0.11834914825488646,6.285846057415405,0.6778036398377468,3.4939759036144578,2.727272727272727,3.4827586206896552,0.6206896551724138
30,template_deposition,Si,Si,none,0,1.0,template_site:index=89:site=Si:neigh=1:ahead0=6.286:mode=shell,z,xy,84,54,30,0,30,2327.5816755476308,38.57236523118368,500.0,0.001,14.435834799462505,0.014435834799462505,-403.81278410868106,-399.35860820697275,-403.81278410868106,-4.454175901708311,-3.869451152416275,0.9819779080809661,0.014435834799462505,0.014435834799462505,18,83,89,7,7,2.2384737658051734,11.54783658176484,8.88952874538632,14.928884386361588,115.48667839570004,0.0,-1.3891607284642227,-22.256808416788743,14.994035442678014,0.0,14.994035442678014,6.350997113731831,1.0300507996973713,2.0781617701192454,11.05991944584251,11.701476803618759,13.45256755077211,2.0789219342256806,0.7777777777777778,4.236468133516574,6.2013615033802765,4.809529221825928,1.0,2,4,1,0.25,0.8055555555555556,36,29,0.8055555555555556,0.0,1.0,0.2597702212649057,0.14121560445055248,0.14121560445055248,0.1176796703754604,6.285846057415405,0.6739694378163807,3.4761904761904763,2.6666666666666665,3.433333333333333,0.6333333333333333
31,template_deposition,Si,Si,none,0,1.0,template_site:index=82:site=Si:neigh=1:ahead0=6.286:mode=shell,z,xy,85,54,31,0,31,2407.8795406761583,80.29786512852753,500.0,0.001,14.435834799462505,0.014435834799462505,-409.5255956597567,-403.81278410868106,-409.5255956597567,-5.7128115510756174,-4.2702527851766945,0.9999967709721856,0.014435834799462505,0.014435834799462505,19,84,82,6,6,2.1307747477781973,7.698557721176559,8.88952874538632,14.928884386361588,115.48667839570004,0.0,-1.4386280058198102,-23.049361569526262,15.12062923697701,0.0,15.12062923697701,6.477590908030827,1.1178857647804186,2.1474338291232202,11.330938308332367,11.777955861419123,14.87744444247699,2.106896233895287,0.7777777777777778,4.507486996006431,6.277840561180641,6.234406113530808,1.0,2,4,1,0.25,0.8333333333333333,36,30,0.8333333333333334,0.0,1.0,0.26842922864040253,0.1454028063227881,0.1454028063227881,0.12520797211128976,6.285846057415405,0.7170851711662513,3.458823529411765,2.6153846153846154,3.3870967741935485,0.6451612903225806
32,template_deposition,Si,Si,none,0,1.0,template_site:index=81:site=Si:neigh=1:ahead0=6.286:mode=shell,z,xy,86,54,32,0,32,2443.918569378541,36.039028702382986,500.0,0.001,14.435834799462505,0.014435834799462505,-414.90599873115923,-409.5255956597567,-414.90599873115923,-5.380403071402554,-3.5807789764222093,0.6578757027988363,0.014435834799462505,0.014435834799462505,19,85,81,5,5,2.1400254666557244,7.6985577211765595,2.22238218634658,14.928884386361588,115.48667839570004,0.0,-1.4852169556982309,-23.795798832354546,15.12062923697701,0.0,15.12062923697701,6.477590908030827,1.1848298564055675,2.216705888127195,11.239254539286883,11.768135907387656,14.997161634817816,2.291888830675203,0.8055555555555556,4.415803226960946,6.2680206071491735,6.354123305871633,1.0,2,4,3,0.75,0.8611111111111112,36,31,0.8611111111111112,0.0,1.0,0.2770882360158994,0.13799385084252958,0.13799385084252958,0.12266120074891518,6.285846057415405,0.702499422770882,3.488372093023256,2.857142857142857,3.46875,0.65625
33,template_deposition,Si,Si,none,0,1.0,template_site:index=86:site=Si:neigh=1:ahead0=6.286:mode=shell,z,xy,87,54,33,0,33,2498.2841321449196,54.36556276637837,500.0,0.001,14.435834799462505,0.014435834799462505,-420.7298080115675,-414.90599873115923,-420.7298080115675,-5.823809280408284,-3.7426758899021593,0.9831084244226914,0.014435834799462505,0.014435834799462505,22,86,86,4,4,2.6461685750899098,15.397115442353122,8.88952874538632,14.928884386361588,115.48667839570004,0.0,-1.5356453632107732,-24.60375098776225,15.072829063006424,0.0,15.072829063006424,6.429790734060241,1.1351815912313505,2.28597794713117,11.355298542815607,11.756184651757735,14.963200423003759,2.329960347290416,0.8333333333333334,4.531847230489671,6.256069351519253,6.320162094057576,1.0,2,4,3,0.75,0.8333333333333334,36,30,0.8333333333333334,0.0,1.0,0.28574724339139623,0.13732870395423244,0.13732870395423244,0.12588464529137974,6.285846057415405,0.7209605817729908,3.4942528735632186,2.933333333333333,3.484848484848485,0.6666666666666666
34,template_deposition,Si,Si,none,0,1.0,template_site:index=84:site=Si:neigh=1:ahead0=6.286:mode=shell,z,xy,88,54,34,0,34,2502.2262577460697,3.942125601150061,500.0,0.001,14.435834799462505,0.014435834799462505,-425.0411766929013,-420.7298080115675,-425.0411766929013,-4.311368681333761,-3.404786820444201,0.9852915334667064,0.014435834799462505,0.014435834799462505,20,87,84,3,3,2.2012912089725805,5.77391829088242,5.555955465866451,14.928884386361588,115.48667839570004,0.0,-1.5729775364209284,-25.20187833897192,15.072829063006424,0.0,15.072829063006424,6.429790734060241,1.1870109333489862,2.3552500061351447,11.69788784819399,11.816327122044438,15.018218744430792,2.3162166765557455,0.8055555555555556,4.874436535868053,6.316211821805956,6.375180415484609,1.0,2,4,3,0.75,0.8611111111111112,36,31,0.8611111111111112,0.0,1.0,0.2944062507668931,0.14336578046670745,0.14336578046670745,0.1354010148852237,6.285846057415405,0.7754622832542465,3.477272727272727,2.875,3.4411764705882355,0.6764705882352942
35,template_deposition,Si,Si,none,0,1.0,template_site:index=85:site=Si:neigh=1:ahead0=6.286:mode=shell,z,xy,89,54,35,0,35,2530.575427457858,28.349169711788416,500.0,0.001,14.435834799462505,0.014435834799462505,-430.61357252151254,-425.0411766929013,-430.61357252151254,-5.572395828611263,-3.75376776110096,0.9999981154808883,0.014435834799462505,0.014435834799462505,20,88,85,2,2,2.1434222164946086,9.6231971514707,5.555955465866451,14.928884386361588,115.48667839570004,0.0,-1.6212289530000612,-25.9749512546076,15.129273619776164,0.0,15.129273619776164,6.486235290829981,1.1638638217620345,2.4245220651391195,11.779600714895377,11.841308027716977,14.984397778093271,2.378095342441529,0.8333333333333334,4.956149402569441,6.341192727478495,6.341359449147088,1.0,2,4,3,0.75,0.8611111111111112,36,31,0.8611111111111112,0.0,1.0,0.30306525814238994,0.14160426864484116,0.14160426864484116,0.13767081673804002,6.285846057415405,0.7884617849848037,3.5280898876404496,3.125,3.5714285714285716,0.7714285714285715
36,template_deposition,Si,Si,none,0,1.0,template_site:index=87:site=Si:neigh=1:ahead0=6.286:mode=shell,z,xy,90,54,36,0,36,2555.1355417978816,24.560114340023453,500.0,0.001,14.435834799462505,0.014435834799462505,-434.52883771647197,-430.61357252151254,-434.52883771647197,-3.9152651949594315,-2.6782575831437043,1.0,0.014435834799462505,0.014435834799462505,22,89,87,1,1,2.8258619422106106,13.472476012058978,5.555955465866451,14.928884386361588,115.48667839570004,0.0,-1.655131263200241,-26.518126142545974,15.025215760606837,0.0,15.025215760606837,6.382177431660654,1.1402381479485306,2.4937941241430943,11.780823628482674,11.862619832360572,14.958693388644203,2.460251017525106,0.8333333333333334,4.957372316156738,6.36250453212209,6.31565505969802,1.0,2,4,3,0.75,0.8888888888888888,36,32,0.8888888888888888,0.0,1.0,0.3117242655178868,0.13770478655990936,0.13770478655990936,0.13770478655990936,6.285846057415405,0.7886563353406549,3.511111111111111,3.0555555555555554,3.5277777777777777,0.7777777777777778
